{
  "base_models": {
    "lr": {
      "mean_accuracy": 0.8,
      "std_accuracy": 0.09999999999999999,
      "scores": [
        0.75,
        0.75,
        1.0,
        0.75,
        0.75
      ]
    },
    "lr_l1": {
      "mean_accuracy": 0.25,
      "std_accuracy": 0.0,
      "scores": [
        0.25,
        0.25,
        0.25,
        0.25,
        0.25
      ]
    },
    "rf": {
      "mean_accuracy": 0.85,
      "std_accuracy": 0.30000000000000004,
      "scores": [
        0.25,
        1.0,
        1.0,
        1.0,
        1.0
      ]
    },
    "rf_deep": {
      "mean_accuracy": 0.75,
      "std_accuracy": 0.27386127875258304,
      "scores": [
        0.25,
        1.0,
        0.75,
        1.0,
        0.75
      ]
    },
    "et": {
      "mean_accuracy": 0.8,
      "std_accuracy": 0.291547594742265,
      "scores": [
        0.25,
        1.0,
        0.75,
        1.0,
        1.0
      ]
    },
    "svm_rbf": {
      "mean_accuracy": 0.55,
      "std_accuracy": 0.09999999999999999,
      "scores": [
        0.5,
        0.75,
        0.5,
        0.5,
        0.5
      ]
    },
    "svm_linear": {
      "mean_accuracy": 0.65,
      "std_accuracy": 0.25495097567963926,
      "scores": [
        0.25,
        1.0,
        0.75,
        0.75,
        0.5
      ]
    },
    "nb": {
      "mean_accuracy": 0.65,
      "std_accuracy": 0.25495097567963926,
      "scores": [
        0.5,
        1.0,
        0.75,
        0.25,
        0.75
      ]
    },
    "knn": {
      "mean_accuracy": 0.75,
      "std_accuracy": 0.15811388300841897,
      "scores": [
        0.5,
        1.0,
        0.75,
        0.75,
        0.75
      ]
    },
    "ridge": {
      "mean_accuracy": 0.65,
      "std_accuracy": 0.25495097567963926,
      "scores": [
        0.25,
        1.0,
        0.75,
        0.75,
        0.5
      ]
    },
    "mlp": {
      "mean_accuracy": 0.8,
      "std_accuracy": 0.18708286933869706,
      "scores": [
        0.5,
        1.0,
        0.75,
        0.75,
        1.0
      ]
    },
    "ada": {
      "mean_accuracy": 0.75,
      "std_accuracy": 0.22360679774997896,
      "scores": [
        0.5,
        1.0,
        0.75,
        1.0,
        0.5
      ]
    },
    "gb": {
      "mean_accuracy": 0.8,
      "std_accuracy": 0.2449489742783178,
      "scores": [
        0.5,
        1.0,
        1.0,
        1.0,
        0.5
      ]
    },
    "xgb": {
      "mean_accuracy": 0.85,
      "std_accuracy": 0.2,
      "scores": [
        0.5,
        0.75,
        1.0,
        1.0,
        1.0
      ]
    },
    "lgb": {
      "mean_accuracy": 0.45,
      "std_accuracy": 0.1,
      "scores": [
        0.5,
        0.5,
        0.5,
        0.5,
        0.25
      ]
    },
    "rf_optimized": {
      "mean_accuracy": 0.85,
      "std_accuracy": 0.30000000000000004,
      "scores": [
        0.25,
        1.0,
        1.0,
        1.0,
        1.0
      ]
    },
    "lr_optimized": {
      "mean_accuracy": 0.85,
      "std_accuracy": 0.1224744871391589,
      "scores": [
        0.75,
        0.75,
        1.0,
        0.75,
        1.0
      ]
    }
  },
  "ensembles": {
    "hard_voting": {
      "mean_accuracy": 0.85,
      "std_accuracy": 0.30000000000000004,
      "scores": [
        0.25,
        1.0,
        1.0,
        1.0,
        1.0
      ],
      "cv_predictions": [
        1,
        2,
        1,
        1,
        1,
        1,
        1,
        0,
        1,
        2,
        2,
        2,
        0,
        2,
        1,
        2,
        2,
        0,
        0,
        1
      ]
    },
    "soft_voting": {
      "mean_accuracy": 0.85,
      "std_accuracy": 0.30000000000000004,
      "scores": [
        0.25,
        1.0,
        1.0,
        1.0,
        1.0
      ],
      "cv_predictions": [
        1,
        2,
        1,
        1,
        1,
        1,
        1,
        0,
        0,
        2,
        2,
        2,
        0,
        2,
        1,
        2,
        2,
        0,
        0,
        1
      ]
    },
    "weighted_voting": {
      "mean_accuracy": 0.85,
      "std_accuracy": 0.30000000000000004,
      "scores": [
        0.25,
        1.0,
        1.0,
        1.0,
        1.0
      ],
      "cv_predictions": [
        1,
        2,
        1,
        1,
        1,
        1,
        1,
        0,
        0,
        2,
        2,
        2,
        0,
        2,
        1,
        2,
        2,
        0,
        0,
        1
      ]
    },
    "stacking": {
      "mean_accuracy": 0.55,
      "std_accuracy": 0.291547594742265,
      "scores": [
        0.25,
        1.0,
        0.75,
        0.5,
        0.25
      ],
      "cv_predictions": [
        1,
        2,
        1,
        1,
        1,
        1,
        1,
        0,
        1,
        2,
        2,
        2,
        1,
        1,
        1,
        1,
        1,
        1,
        1,
        1
      ]
    },
    "feature_bagging_rf": {
      "mean_accuracy": 0.7,
      "std_accuracy": 0.2449489742783178,
      "scores": [
        0.25,
        1.0,
        0.75,
        0.75,
        0.75
      ],
      "cv_predictions": [
        1,
        2,
        1,
        1,
        1,
        1,
        1,
        0,
        1,
        2,
        2,
        2,
        1,
        2,
        1,
        2,
        2,
        1,
        1,
        1
      ]
    },
    "feature_bagging_lr": {
      "mean_accuracy": 0.8,
      "std_accuracy": 0.18708286933869706,
      "scores": [
        0.5,
        1.0,
        0.75,
        0.75,
        1.0
      ],
      "cv_predictions": [
        1,
        2,
        1,
        1,
        1,
        1,
        1,
        0,
        1,
        2,
        2,
        0,
        1,
        2,
        1,
        2,
        2,
        0,
        1,
        1
      ]
    },
    "random_subspace": {
      "mean_accuracy": 0.85,
      "std_accuracy": 0.30000000000000004,
      "scores": [
        0.25,
        1.0,
        1.0,
        1.0,
        1.0
      ],
      "cv_predictions": [
        1,
        2,
        1,
        1,
        1,
        1,
        1,
        0,
        0,
        2,
        2,
        2,
        0,
        2,
        1,
        2,
        2,
        0,
        0,
        1
      ]
    },
    "dynamic": {
      "mean_accuracy": 0.8,
      "std_accuracy": 0.18708286933869706,
      "scores": [
        0.5,
        1.0,
        0.75,
        0.75,
        1.0
      ],
      "cv_predictions": [
        1,
        2,
        1,
        1,
        1,
        1,
        1,
        0,
        1,
        2,
        2,
        0,
        1,
        2,
        1,
        2,
        2,
        0,
        1,
        1
      ]
    },
    "diversity_pruned": {
      "mean_accuracy": 0.75,
      "std_accuracy": 0.15811388300841897,
      "scores": [
        0.5,
        1.0,
        0.75,
        0.75,
        0.75
      ],
      "cv_predictions": [
        1,
        2,
        1,
        1,
        1,
        1,
        1,
        0,
        0,
        2,
        2,
        0,
        0,
        1,
        1,
        0,
        2,
        0,
        1,
        1
      ]
    }
  },
  "confidence_weighted": {
    "accuracy": 1.0,
    "predictions": [
      "0",
      "1",
      "1",
      "2",
      "2",
      "1"
    ],
    "true_labels": [
      0,
      1,
      1,
      2,
      2,
      1
    ]
  },
  "feature_importance": [
    {
      "feature": "feature_1",
      "importance": 0.13866603790407853
    },
    {
      "feature": "feature_15",
      "importance": 0.10108127871914109
    },
    {
      "feature": "feature_3",
      "importance": 0.06613662513432254
    },
    {
      "feature": "feature_0",
      "importance": 0.06131000354760424
    },
    {
      "feature": "feature_25",
      "importance": 0.030619393593238554
    },
    {
      "feature": "feature_11",
      "importance": 0.027293701098970644
    },
    {
      "feature": "feature_2",