{
  "confidence_weighted": {
    "predictions": [
      1,
      2,
      1,
      1,
      1,
      1,
      1,
      0,
      1,
      2,
      2,
      0,
      0,
      2,
      1,
      2,
      2,
      0,
      0,
      1
    ],
    "confidence_scores": [
      0.8981332679586119,
      0.6848055176268357,
      0.8610622079425247,
      1.0,
      0.8836688519798049,
      0.7444755481079837,
      0.6743635881799884,
      0.6670751440142125,
      0.5403825774691873,
      0.8812913516829264,
      0.824386125247648,
      0.8717002291747793,
      1.0,
      0.8328347680266328,
      0.8744748748044803,
      0.7158783902703186,
      0.8242745197182013,
      0.8219150470608423,
      0.7121752353028135,
      0.86097680727668
    ],
    "cv_accuracy": 0.9,
    "cv_std": 0.20000000000000004
  },
  "bayesian": {
    "cv_accuracy": 0.85,
    "cv_std": 0.30000000000000004,
    "scores": [
      0.25,
      1.0,
      1.0,
      1.0,
      1.0
    ]
  },
  "adaptive": {
    "cv_accuracy": 0.9,
    "cv_std": 0.20000000000000004,
    "scores": [
      0.5,
      1.0,
      1.0,
      1.0,
      1.0
    ]
  },
  "uncertainty": {
    "cv_accuracy": 0.85,
    "cv_std": 0.2,
    "scores": [
      0.5,
      1.0,
      1.0,
      1.0,
      0.75
    ]
  },
  "optimized_weights": {
    "best_weights": [
      0.0,
      0.0,
      0.5,
      0.5
    ],
    "best_score": 0.9,
    "model_names": [
      "lr_optimized",
      "rf_optimized",
      "et_optimized",
      "gb_optimized"
    ]
  },
  "best_method": "confidence_weighted",
  "best_score": 0.9
}