{
  "train_losses": [
    1.0926692485809326,
    1.0791168212890625,
    1.060652256011963,
    1.049393653869629,
    1.0274012088775635,
    1.0268032550811768,
    0.9934114813804626,
    0.9896993637084961,
    0.9867172241210938,
    0.934261679649353,
    0.9092100262641907,
    0.9090396165847778,
    0.8544756174087524,
    0.854522168636322,
    0.8918041586875916,
    0.8867136836051941,
    0.8996431231498718,
    0.771254301071167,
    0.7672519683837891,
    0.8163262605667114,
    0.7823862433433533,
    0.7322007417678833,
    0.7914934754371643,
    0.6865481734275818,
    0.8172721266746521,
    0.8178679943084717,
    0.7008616924285889,
    0.798122227191925,
    0.7014145851135254,
    0.7503705024719238,
    0.7438267469406128,
    0.6910989284515381,
    0.7326821088790894,
    0.624909520149231,
    0.722262442111969,
    0.7585746049880981,
    0.7058210372924805,
    0.7402240037918091,
    0.6847790479660034,
    0.6881301999092102,
    0.7009196877479553,
    0.65688556432724,
    0.7003366351127625,
    0.7687569260597229,
    0.7092628479003906,
    0.7766347527503967,
    0.6704518795013428,
    0.6768052577972412,
    0.7315143346786499,
    0.6326390504837036
  ],
  "val_accuracies": [
    0.25,
    0.25,
    0.5,
    0.5,
    0.5,
    0.5,
    0.5,
    0.5,
    0.5,
    0.5,
    0.5,
    0.5,
    0.5,
    0.5,
    0.5,
    0.5,
    0.5,
    0.5,
    0.5,
    0.5,
    0.5,
    0.5,
    0.5,
    0.5,
    0.5,
    0.5,
    0.5,
    0.5,
    0.5,
    0.5,
    0.5,
    0.5,
    0.5,
    0.5,
    0.5,
    0.5,
    0.5,
    0.5,
    0.5,
    0.5,
    0.5,
    0.5,
    0.5,
    0.5,
    0.5,
    0.5,
    0.5,
    0.5,
    0.5,
    0.5
  ],
  "best_val_accuracy": 0.5
}