{
  "train_losses": [
    1.149699091911316,
    1.1162384748458862,
    1.1002779006958008,
    1.0869379043579102,
    1.0704264640808105,
    1.0348459482192993,
    1.0589113235473633,
    1.0639119148254395,
    1.0085605382919312,
    1.0178320407867432,
    1.0589101314544678,
    1.0906435251235962,
    0.982764720916748,
    1.0388696193695068,
    1.0816609859466553,
    1.0196956396102905,
    1.0608727931976318,
    1.0123562812805176,
    0.9707564115524292,
    1.0398062467575073,
    0.9977407455444336,
    0.9628410339355469,
    1.0314499139785767,
    0.988440752029419,
    1.0091643333435059,
    0.9287906885147095,
    0.9581862688064575,
    0.9500024318695068,
    0.9593029618263245,
    0.9722501039505005,
    0.9787896275520325,
    0.978523313999176,
    0.8987993001937866,
    0.9702539443969727,
    0.9158795475959778,
    0.9627383947372437,
    0.8928735256195068,
    0.9584846496582031,
    0.9543389678001404,
    0.895074188709259,
    0.933459997177124,
    1.0338573455810547,
    0.9043536186218262,
    0.9073700904846191,
    0.9434905052185059,
    0.9712938666343689,
    0.9851328134536743,
    0.9357702136039734,
    0.9590092301368713,
    0.8774303793907166
  ],
  "val_accuracies": [
    0.25,
    0.25,
    0.25,
    0.25,
    0.25,
    0.25,
    0.25,
    0.25,
    0.25,
    0.25,
    0.25,
    0.25,
    0.25,
    0.25,
    0.25,
    0.25,
    0.25,
    0.25,
    0.25,
    0.25,
    0.25,
    0.5,
    0.5,
    0.5,
    0.5,
    0.5,
    0.5,
    0.5,
    0.5,
    0.5,
    0.5,
    0.5,
    0.5,
    0.5,
    0.5,
    0.5,
    0.5,
    0.5,
    0.5,
    0.5,
    0.5,
    0.5,
    0.5,
    0.5,
    0.5,
    0.5,
    0.5,
    0.5,
    0.5,
    0.5
  ],
  "best_val_accuracy": 0.5
}