{
  "train_losses": [
    1.0743024349212646,
    1.077147126197815,
    1.0399730205535889,
    1.044615626335144,
    1.015521764755249,
    1.042539358139038,
    1.010108232498169,
    1.0044152736663818,
    1.0171074867248535,
    0.9724701642990112,
    1.0116660594940186,
    0.9754297137260437,
    0.9796784520149231,
    1.0219345092773438,
    0.9782108068466187,
    0.9410266876220703,
    0.9175106883049011,
    0.9435443878173828,
    0.9442829489707947,
    0.8641833662986755,
    0.88772052526474,
    0.9486311078071594,
    0.9049436450004578,
    0.9098575711250305,
    0.897269606590271,
    0.8433306217193604,
    0.8909238576889038,
    0.8498592376708984,
    0.8092925548553467,
    0.8222563862800598,
    0.8495890498161316,
    0.8330225348472595,
    0.7954339385032654,
    0.8230744004249573,
    0.870441734790802,
    0.8390806913375854,
    0.8221413493156433,
    0.8516752123832703,
    0.8709524273872375,
    0.8063734769821167,
    0.8988372683525085,
    0.8583360910415649,
    0.8522189855575562,
    0.7880188226699829,
    0.7797315716743469,
    0.7741059064865112,
    0.8695036172866821,
    0.815475344657898,
    0.8319740295410156,
    0.7832873463630676
  ],
  "val_accuracies": [
    0.25,
    0.25,
    0.25,
    0.25,
    0.25,
    0.25,
    0.25,
    0.25,
    0.25,
    0.25,
    0.25,
    0.25,
    0.25,
    0.25,
    0.25,
    0.25,
    0.5,
    0.5,
    0.5,
    0.5,
    0.5,
    0.5,
    0.5,
    0.5,
    0.5,
    0.5,
    0.5,
    0.5,
    0.5,
    0.5,
    0.5,
    0.5,
    0.5,
    0.5,
    0.5,
    0.5,
    0.5,
    0.5,
    0.5,
    0.5,
    0.5,
    0.5,
    0.5,
    0.5,
    0.5,
    0.5,
    0.5,
    0.5,
    0.5,
    0.5
  ],
  "best_val_accuracy": 0.5
}