{
  "train_losses": [
    1.0704745054244995,
    1.0605127811431885,
    1.0522712469100952,
    0.9885334372520447,
    1.0315057039260864,
    0.9534944295883179,
    0.968216598033905,
    0.9816089868545532,
    0.9621781706809998,
    0.9485304355621338,
    0.9309408664703369,
    0.905534029006958,
    0.8185139298439026,
    0.7913985848426819,
    0.8852277398109436,
    0.7679013013839722,
    0.8174647092819214,
    0.9400576949119568,
    0.7558994293212891,
    0.8518842458724976,
    0.7583091855049133,
    0.8097381591796875,
    0.7960183024406433,
    0.7773777842521667,
    0.8316817879676819,
    0.8198298215866089,
    0.728969931602478,
    0.7686118483543396,
    0.7316362857818604,
    0.77306067943573,
    0.7479916214942932,
    0.6291406154632568,
    0.7315478324890137,
    0.7718584537506104,
    0.6597957015037537,
    0.7631181478500366,
    0.6915867328643799,
    0.6478567123413086,
    0.6968002319335938,
    0.7356476783752441,
    0.8052253127098083,
    0.7029458284378052,
    0.7394313812255859,
    0.8303594589233398,
    0.709465742111206,
    0.689242422580719,
    0.721161961555481,
    0.7389034628868103,
    0.7703477740287781,
    0.6807517409324646
  ],
  "val_accuracies": [
    0.25,
    0.25,
    0.25,
    0.25,
    0.25,
    0.25,
    0.25,
    0.25,
    0.5,
    0.5,
    0.5,
    0.5,
    0.5,
    0.5,
    0.5,
    0.5,
    0.5,
    0.5,
    0.5,
    0.5,
    0.5,
    0.5,
    0.5,
    0.5,
    0.5,
    0.5,
    0.5,
    0.5,
    0.5,
    0.5,
    0.5,
    0.5,
    0.5,
    0.5,
    0.5,
    0.5,
    0.5,
    0.5,
    0.5,
    0.5,
    0.5,
    0.5,
    0.5,
    0.5,
    0.5,
    0.5,
    0.5,
    0.5,
    0.5,
    0.5
  ],
  "best_val_accuracy": 0.5
}