{
  "random_forest": {
    "temporal_var_species_GUT_GENOME002690": 0.06181407603764355,
    "change_function_K03750": 0.053290280829821554,
    "log_ratio_function_K00100": 0.04904022495175023,
    "pca_component_2": 0.046623840063463554,
    "log_ratio_function_K02424": 0.03956571228026998,
    "change_function_K11184": 0.037972932228454305,
    "change_species_GUT_GENOME091092": 0.035901732886901634,
    "log_ratio_function_K02119": 0.035327298444311435,
    "log_ratio_function_K00625": 0.034234270303933285,
    "temporal_var_species_GUT_GENOME130358": 0.032740564702202,
    "log_ratio_function_K01356": 0.030491105391650886,
    "temporal_var_species_Blautia sp. SC05B48": 0.029789615463776214,
    "temporal_var_species_GUT_GENOME157380": 0.026689792069918172,
    "change_function_K15256": 0.02444497479403881,
    "log_ratio_species_GUT_GENOME108684": 0.02403701482860515,
    "change_species_Blautia schinkii": 0.023852634432424875,
    "temporal_var_function_K10725": 0.022750004106812778,
    "change_function_K06987": 0.02152720608336949,
    "stability_species_GUT_GENOME122482": 0.02006359593799022,
    "change_function_K20488": 0.01997933233836324,
    "pca_component_3": 0.018699836438585853,
    "change_function_K16924": 0.01696531767820313,
    "change_function_K20487": 0.01688700503504815,
    "log_ratio_species_GUT_GENOME246461": 0.01685680797750643,
    "log_ratio_function_K06864": 0.01554062102256509,
    "change_function_K03484": 0.015172145518840609,
    "stability_function_K01738": 0.014564004140139135,
    "change_species_GUT_GENOME139147": 0.01279364973670046,
    "log_ratio_function_K02316": 0.0125228114292556,
    "log_ratio_function_K19137": 0.012242784145760952,
    "change_species_GUT_GENOME234915": 0.012002867141880055,
    "log_ratio_function_K04566": 0.011658336997277445,
    "change_species_Fournierella massiliensis": 0.01032223293608493,
    "pca_component_1": 0.009228760835152762,
    "temporal_var_function_K00633": 0.00869065467266367,
    "log_ratio_function_K03815": 0.008648639551947442,
    "log_ratio_function_K05595": 0.008525062656641606,
    "log_ratio_function_K03648": 0.008458242094605732,
    "temporal_var_species_GUT_GENOME089306": 0.008391664358050914,
    "change_function_K02588": 0.008029304029304032,
    "pca_component_10": 0.007087310276998609,
    "stability_function_K07466": 0.006708507502400632,
    "pca_component_15": 0.005900299099466345,
    "log_ratio_function_K17810": 0.005878680261198306,
    "pca_component_13": 0.005173401534526854,
    "log_ratio_species_Bacteroides sp. HF-162": 0.0051417004048583004,
    "change_species_GUT_GENOME189954": 0.00502832980972516,
    "pca_component_9": 0.0044920634920634925,
    "pca_component_17": 0.004287258962055711,
    "pca_component_4": 0.004104718810601165,
    "pca_component_18": 0.004008589835361489,
    "stability_species_GUT_GENOME048959": 0.003722084367245658,
    "temporal_var_function_K17319": 0.003650056513833604,
    "pca_component_7": 0.00310077519379845,
    "pca_component_16": 0.00250492936823056,
    "pca_component_11": 0.0023255813953488376,
    "temporal_var_function_K04755": 0.0017923823749066467,
    "log_ratio_function_K15552": 0.0016643550624133158,
    "pca_component_14": 0.0015673981191222568,
    "pca_component_8": 0.0015325670498084287,
    "pca_component_6": 0.0015179316096747286,
    "log_ratio_species_GUT_GENOME131087": 0.0014563106796116505,
    "change_function_K03271": 0.0010178117048346058,
    "change_species_GUT_GENOME250934": 0.0,
    "pca_component_12": 0.0,
    "pca_component_5": 0.0,
    "log_ratio_function_K07738": 0.0,
    "log_ratio_function_K04061": 0.0,
    "pca_component_19": 0.0
  },
  "pca_explained_variance": [
    0.4709547140800298,
    0.1315432784602433,
    0.08396423128426823,
    0.050024674205242474,
    0.04457977721066411,
    0.04097996317046321,
    0.0350607822545884,
    0.029104946662718158,
    0.02436353222218249,
    0.019265535463237785,
    0.014623578660532604,
    0.011555740526238627,
    0.010058059328523715,
    0.007701777249069065,
    0.0073114000432063075,
    0.006545951111491813,
    0.004973089992617095,
    0.004486098569876727,
    0.002902869504805997
  ]
}