{
  "timestamp": "2025-09-20T19:34:28.253505",
  "execution_time_minutes": 0.1823677,
  "dataset_info": {
    "cytokine_samples": 670,
    "cytokine_features": 66,
    "microbiome_samples": 20,
    "microbiome_features": 69,
    "classes": [
      "Mild",
      "Moderate",
      "Severe"
    ]
  },
  "pretraining_results": {
    "final_loss": 0.38633042573928833,
    "train_losses": [
      1.887729213351295,
      1.5246523902529763,
      1.2399681693031674,
      1.0371211227916537,
      0.9457379210562933,
      0.8651645807992845,
      0.8193002541859945,
      0.7818499264262971,
      0.7523194551467896,
      0.7171513665290106,
      0.7056555322238377,
      0.6804240076314836,
      0.6868251051221576,
      0.6676192539078849,
      0.6520902386733464,
      0.6324230446701958,
      0.6527545693374815,
      0.6167397513276055,
      0.6383865858827319,
      0.6056106629825774,
      0.5982951394149235,
      0.5907544380142575,
      0.6192349096139272,
      0.579011911437625,
      0.5565362913267953,
      0.5846196867170788,
      0.5771168683256421,
      0.5495795962356386,
      0.5449666749863398,
      0.5503233586038861,
      0.5394557827994937,
      0.5280350233827319,
      0.5195642922605787,
      0.5238382447333563,
      0.5269921932901654,
      0.5163824657599131,
      0.5155287342412131,
      0.5019827811490922,
      0.5268257203556242,
      0.5177768284366244,
      0.49388239639145987,
      0.49496525667962576,
      0.4949360035714649,
      0.4949218077319009,
      0.500671522957938,
      0.5098491268498557,
      0.500745069412958,
      0.4905620969477154,
      0.47176956562768846,
      0.48692490941002253,
      0.47967371628397987,
      0.5029609671660832,
      0.47890352209409076,
      0.4716805106117612,
      0.4627705074491955,
      0.4905694467680795,
      0.4543432621728806,
      0.44510149246170405,
      0.4621833335785639,
      0.4706579688049498,
      0.43695262642133803,
      0.44506365344637916,
      0.42867738008499146,
      0.44807301532654537,
      0.44769758269900367,
      0.4531938887777783,
      0.4501816318148658,
      0.4461809169678461,
      0.4417730612414224,
      0.43768970313526334,
      0.42577902050245375,
      0.43189464580445064,
      0.4402387411821456,
      0.43364167355355765,
      0.42031146656899226,
      0.4339773200807117,
      0.43819635680743624,
      0.4230195879936218,
      0.4223185692514692,
      0.4323701744987851,
      0.45040270118486314,
      0.4279262295791081,
      0.41960451006889343,
      0.41042346897579374,
      0.418136423542386,
      0.42743870332127526,
      0.42725717027982074,
      0.4000176191329956,
      0.41117724776268005,
      0.408801379657927,
      0.4300394554932912,
      0.41710053597177776,
      0.41307094551268075,
      0.4016123300506955,
      0.42133611298742746,
      0.4042938081991105,
      0.3941825869537535,
      0.41412022567930673,
      0.40648028538340614,
      0.38633042573928833
    ],
    "num_epochs": 100,
    "cytokine_clusters": [
      2,
      2,
      2,
      2,
      2,
      0,
      2,
      2,
      2,
      2,
      2,
      2,
      0,
      2,
      2,
      2,
      2,
      2,
      2,
      4,
      2,
      2,
      2,
      2,
      2,
      2,
      2,
      2,
      2,
      2,
      2,
      2,
      2,
      2,
      2,
      2,
      2,
      2,
      2,
      2,
      2,
      2,
      2,
      2,
      2,
      2,
      2,
      2,
      2,
      2,
      2,
      2,
      3,
      2,
      2,
      2,
      2,
      2,
      2,
      2,
      2,
      2,
      4,
      2,
      2,
      2,
      2,
      4,
      2,
      4,
      2,
      2,
      2,
      2,
      2,
      2,
      2,
      2,
      2,
      4,
      4,
      4,
      4,
      2,
      4,
      4,
      2,
      2,
      2,
      4,
      4,
      4,
      2,
      4,
      4,
      3,
      4,
      4,
      4,
      4,
      4,
      4,
      4,
      4,
      4,
      4,
      4,
      4,
      4,
      4,
      4,
      4,
      4,
      4,
      4,
      4,
      4,
      4,
      4,
      4,
      4,
      4,
      4,
      4,
      4,
      4,
      4,
      4,
      4,
      2,
      4,
      4,
      4,
      4,
      4,
      6,
      6,
      6,
      6,
      6,
      6,
      6,
      6,
      6,
      4,
      3,
      6,
      6,
      6,
      6,
      6,
      6,
      0,
      0,
      0,
      0,
      0,
      0,
      0,
      0,
      0,
      0,
      0,
      0,
      2,
      2,
      5,
      5,
      2,
      2,
      3,
      2,
      2,
      2,
      2,
      2,
      2,
      3,
      3,
      6,
      2,
      2,
      3,
      3,
      3,
      3,
      0,
      0,
      3,
      3,
      4,
      2,
      4,
      4,
      2,
      0,
      3,
      3,
      3,
      0,
      0,
      0,
      3,
      0,
      4,
      4,
      2,
      4,
      2,
      4,
      4,
      4,
      4,
      4,
      4,
      2,
      4,
      2,
      2,
      2,
      2,
      4,
      4,
      4,
      4,
      4,
      2,
      4,
      2,
      0,
      0,
      0,
      0,
      2,
      2,
      2,
      2,
      4,
      4,
      4,
      4,
      4,
      4,
      4,
      4,
      4,
      4,
      4,
      3,
      0,
      0,
      0,
      0,
      0,
      3,
      3,
      3,
      3,
      0,
      4,
      2,
      4,
      4,
      4,
      4,
      3,
      4,
      4,
      4,
      4,
      4,
      4,
      4,
      4,
      4,
      4,
      4,
      3,
      3,
      3,
      3,
      3,
      3,
      3,
      1,
      3,
      3,
      3,
      3,
      3,
      1,
      3,
      4,
      3,
      3,
      4,
      3,
      0,
      0,
      1,
      2,
      2,
      0,
      2,
      0,
      0,
      0,
      3,
      3,
      0,
      0,
      3,
      0,
      0,
      0,
      0,
      0,
      0,
      0,
      0,
      0,
      0,
      3,
      0,
      0,
      0,
      0,
      0,
      0,
      0,
      0,
      0,
      0,
      0,
      0,
      0,
      0,
      0,
      2,
      2,
      2,
      2,
      2,
      2,
      2,
      4,
      4,
      2,
      4,
      4,
      4,
      2,
      4,
      0,
      0,
      2,
      2,
      2,
      2,
      2,
      2,
      0,
      0,
      2,
      2,
      2,
      2,
      0,
      0,
      0,
      0,
      0,
      2,
      2,
      3,
      4,
      4,
      4,
      4,
      4,
      4,
      3,
      4,
      0,
      4,
      4,
      4,
      0,
      4,
      4,
      0,
      3,
      4,
      4,
      4,
      4,
      4,
      2,
      0,
      3,
      3,
      3,
      4,
      3,
      3,
      4,
      4,
      4,
      3,
      4,
      4,
      4,
      0,
      0,
      0,
      3,
      0,
      0,
      0,
      0,
      3,
      0,
      4,
      4,
      4,
      4,
      3,
      4,
      0,
      0,
      0,
      0,
      0,
      0,
      0,
      0,
      0,
      2,
      4,
      2,
      2,
      2,
      2,
      2,
      2,
      5,
      5,
      5,
      5,
      5,
      3,
      3,
      5,
      5,
      5,
      5,
      5,
      5,
      5,
      5,
      5,
      5,
      5,
      5,
      5,
      5,
      5,
      5,
      5,
      5,
      5,
      5,
      5,
      5,
      5,
      5,
      5,
      5,
      5,
      5,
      5,
      5,
      5,
      5,
      5,
      5,
      5,
      5,
      5,
      2,
      0,
      5,
      0,
      2,
      2,
      2,
      2,
      2,
      2,
      2,
      2,
      2,
      2,
      0,
      4,
      4,
      4,
      3,
      3,
      3,
      3,
      3,
      3,
      3,
      4,
      4,
      4,
      3,
      3,
      3,
      3,
      3,
      3,
      2,
      2,
      4,
      2,
      2,
      2,
      2,
      0,
      0,
      0,
      0,
      0,
      0,
      0,
      0,
      0,
      0,
      0,
      0,
      0,
      0,
      0,
      0,
      0,
      0,
